{"0": 0.6691505133274679, "1": 1.301860383969884, "2": 1.356049169611407}