{"0": 0.731812223496641, "1": 1.1763350233752552, "2": 1.2764361246070306}