{"0": 0.40477267723040905, "2": 3.749257301375001, "1": 3.8057829095856484}